{"tableAuthor": {"displayName": "OpenData", "type": "interactive", "screenName": "OpenData", "id": "dbag-6qd9"}, "flags": ["default", "restorable", "restorePossibleForType"], "query": {}, "license": {"name": "Open Data Commons Public Domain Dedication and License", "termsLink": "http://opendatacommons.org/licenses/pddl/1.0/"}, "columns": [{"position": 1, "fieldName": "year_type", "width": 100, "tableColumnId": 22224545, "description": "Fiscal (July through June) or Calendar (January through December)", "name": "Year Type", "cachedContents": {"non_null": 213202, "null": 0, "top": [{"item": "Fiscal", "count": 20}], "smallest": "Fiscal", "largest": "Fiscal"}, "renderTypeName": "text", "dataTypeName": "text", "id": 169595485, "format": {"align": "left"}}, {"position": 2, "fieldName": "year", "width": 100, "tableColumnId": 21221527, "description": "An accounting period of 12 months. The City and County of San Francisco operates on a fiscal year that begins on July 1 and ends on June 30 the following year. The Fiscal Year ending June 30, 2012 is represented as FY2011-2012.", "name": "Year", "cachedContents": {"non_null": 213202, "null": 0, "top": [{"item": "2013", "count": 20}, {"item": "2014", "count": 19}, {"item": "2016", "count": 18}, {"item": "2015", "count": 17}, {"item": "2017", "count": 16}], "smallest": "2013", "largest": "2017"}, "renderTypeName": "text", "dataTypeName": "text", "id": 160651268, "format": {"align": "left"}}, {"position": 3, "fieldName": "organization_group_code", "width": 100, "tableColumnId": 21221529, "description": "Org Group is a group of Departments. For example, the Public Protection Org Group includes departments such as the Police, Fire, Adult Probation, District Attorney, and Sheriff.", "name": "Organization Group Code", "cachedContents": {"non_null": 213202, "null": 0, "top": [{"item": "01", "count": 20}, {"item": "02", "count": 19}, {"item": "03", "count": 18}, {"item": "06", "count": 17}, {"item": "04", "count": 16}, {"item": "05", "count": 15}, {"item": "07", "count": 14}], "smallest": "01", "largest": "07"}, "renderTypeName": "text", "dataTypeName": "text", "id": 160651270, "format": {"align": "left"}}, {"position": 4, "fieldName": "organization_group", "width": 100, "tableColumnId": 21221530, "description": "Org Group is a group of Departments. For example, the Public Protection Org Group includes departments such as the Police, Fire, Adult Probation, District Attorney, and Sheriff.", "name": "Organization Group", "cachedContents": {"non_null": 213202, "null": 0, "top": [{"item": "Public Protection", "count": 20}, {"item": "Public Works, Transportation & Commerce", "count": 19}, {"item": "Human Welfare & Neighborhood Development", "count": 18}, {"item": "General Administration & Finance", "count": 17}, {"item": "Community Health", "count": 16}, {"item": "Culture & Recreation", "count": 15}, {"item": "General City Responsibilities", "count": 14}], "smallest": "Community Health", "largest": "Public Works, Transportation & Commerce"}, "renderTypeName": "text", "dataTypeName": "text", "id": 160651271, "format": {"align": "left"}}, {"position": 5, "fieldName": "department_code", "width": 100, "tableColumnId": 21221531, "description": "Departments are the primary organizational unit used by the City and County of San Francisco. Examples include Recreation and Parks, Public Works, and the Police Department.", "name": "Department Code", "cachedContents": {"non_null": 213202, "null": 0, "top": [{"item": "FIR", "count": 20}, {"item": "MTA", "count": 19}, {"item": "AIR", "count": 18}, {"item": "DPW", "count": 17}, {"item": "DAT", "count": 16}, {"item": "DSS", "count": 15}, {"item": "REG", "count": 14}, {"item": "DPH", "count": 13}, {"item": "TIS", "count": 12}, {"item": "LIB", "count": 11}, {"item": "POL", "count": 10}, {"item": "REC", "count": 9}, {"item": "DBI", "count": 8}, {"item": "CRT", "count": 7}, {"item": "HRD", "count": 6}, {"item": "ADM", "count": 5}, {"item": "HHP", "count": 4}, {"item": "CPC", "count": 3}, {"item": "TTX", "count": 2}, {"item": "PUC", "count": 1}], "smallest": "AAM", "largest": "WTR"}, "renderTypeName": "text", "dataTypeName": "text", "id": 160651272, "format": {"align": "left"}}, {"position": 6, "fieldName": "department", "width": 100, "tableColumnId": 21221532, "description": "Departments are the primary organizational unit used by the City and County of San Francisco. Examples include Recreation and Parks, Public Works, and the Police Department.", "name": "Department", "cachedContents": {"non_null": 213202, "null": 0, "top": [{"item": "FIR Fire Department", "count": 20}, {"item": "MTA Municipal Transprtn Agncy", "count": 19}, {"item": "AIR Airport Commission", "count": 18}, {"item": "DPW GSA - Public Works", "count": 17}, {"item": "DAT District Attorney", "count": 16}, {"item": "HSA Human Services Agency", "count": 15}, {"item": "REG Elections", "count": 14}, {"item": "DPH Public Health", "count": 13}, {"item": "DT GSA - Technology", "count": 12}, {"item": "LIB Public Library", "count": 11}, {"item": "POL Police", "count": 10}, {"item": "REC Recreation & Park Commsn", "count": 9}, {"item": "DBI Building Inspection", "count": 8}, {"item": "CRT Superior Court", "count": 7}, {"item": "HRD Human Resources", "count": 6}, {"item": "ADM Gen Svcs Agency-City Admin", "count": 5}, {"item": "HHP Hetch Hetchy Water & Power", "count": 4}, {"item": "CPC City Planning", "count": 3}, {"item": "TTX Treasurer/Tax Collector", "count": 2}, {"item": "PUB Public Utilities Bureaus", "count": 1}], "smallest": "AAM Asian Art Museum", "largest": "WWE Wastewater Enterprise"}, "renderTypeName": "text", "dataTypeName": "text", "id": 160651273, "format": {"align": "left"}}, {"position": 7, "fieldName": "union_code", "width": 100, "tableColumnId": 22179630, "description": "Unions represent employees in collective bargaining agreements. A job belongs to one union, although some jobs are unrepresented (usually temporarily).", "name": "Union Code", "cachedContents": {"non_null": 212987, "null": 215, "top": [{"item": "798", "count": 20}, {"item": "261", "count": 19}, {"item": "790", "count": 18}, {"item": "253", "count": 17}, {"item": "021", "count": 16}, {"item": "535", "count": 15}, {"item": "250", "count": 14}, {"item": "791", "count": 13}, {"item": "006", "count": 12}, {"item": "911", "count": 11}, {"item": "200", "count": 10}, {"item": "001", "count": 9}, {"item": "792", "count": 8}, {"item": "856", "count": 7}, {"item": "022", "count": 6}, {"item": "498", "count": 5}, {"item": "039", "count": 4}, {"item": "351", "count": 3}, {"item": "038", "count": 2}, {"item": "164", "count": 1}], "smallest": "001", "largest": "990"}, "renderTypeName": "text", "dataTypeName": "text", "id": 169119689, "format": {"align": "left"}}, {"position": 8, "fieldName": "union", "width": 100, "tableColumnId": 22179631, "description": "Unions represent employees in collective bargaining agreements. A job belongs to one union, although some jobs are unrepresented (usually temporarily).", "name": "Union", "cachedContents": {"non_null": 212987, "null": 215, "top": [{"item": "Firefighters - Miscellaneous, Local 798", "count": 20}, {"item": "Laborers, Local 261", "count": 19}, {"item": "SEIU - Miscellaneous, Local 1021", "count": 18}, {"item": "Transport Workers - Transit Operators, Local 250-A", "count": 17}, {"item": "Prof & Tech Engineers - Miscellaneous, Local 21", "count": 16}, {"item": "SEIU - Human Services, Local 1021", "count": 15}, {"item": "SEIU - Health Workers, Local 1021", "count": 14}, {"item": "SEIU - Staff and Per Diem Nurses, Local 1021", "count": 13}, {"item": "Electrical Workers, Local 6", "count": 12}, {"item": "Police Officers' Association", "count": 11}, {"item": "Transportation Workers, Local 200", "count": 10}, {"item": "Miscellaneous Unrepresented Employees", "count": 9}, {"item": "SEIU - Court Employees, Local 1021", "count": 8}, {"item": "Teamsters - Miscellaneous, Local 856", "count": 7}, {"item": "Prof & Tech Engineers - Personnel, Local 21", "count": 6}, {"item": "Deputy Sheriffs' Association", "count": 5}, {"item": "Stationary Engineers, Local 39", "count": 4}, {"item": "Municipal Executive Association - Miscellaneous", "count": 3}, {"item": "Plumbers and Pipefitters, Local 38", "count": 2}, {"item": "Physicians and Dentists - Miscellaneous", "count": 1}], "smallest": "Automotive Machinists, Local 1414", "largest": "TWU Local 200"}, "renderTypeName": "text", "dataTypeName": "text", "id": 169119690, "format": {"align": "left"}}, {"position": 9, "fieldName": "job_family_code", "width": 100, "tableColumnId": 22179637, "description": "Job Family combines similar Jobs into meaningful groups.", "name": "Job Family Code", "cachedContents": {"non_null": 212982, "null": 220, "top": [{"item": "H000", "count": 20}, {"item": "7500", "count": 19}, {"item": "1400", "count": 18}, {"item": "9100", "count": 17}, {"item": "5200", "count": 16}, {"item": "8100", "count": 15}, {"item": "2900", "count": 14}, {"item": "5300", "count": 13}, {"item": "2500", "count": 12}, {"item": "1600", "count": 11}, {"item": "9900", "count": 10}, {"item": "2300", "count": 9}, {"item": "7300", "count": 8}, {"item": "3600", "count": 7}, {"item": "Q000", "count": 6}, {"item": "3400", "count": 5}, {"item": "2700", "count": 4}, {"item": "3200", "count": 3}, {"item": "SCRT", "count": 2}, {"item": "1000", "count": 1}], "smallest": "0900", "largest": "WTR"}, "renderTypeName": "text", "dataTypeName": "text", "id": 169119716, "format": {"align": "left"}}, {"position": 10, "fieldName": "job_family", "width": 100, "tableColumnId": 21221539, "description": "Job Family combines similar Jobs into meaningful groups.", "name": "Job Family", "cachedContents": {"non_null": 212982, "null": 220, "top": [{"item": "Fire Services", "count": 20}, {"item": "Semi-Skilled & General Labor", "count": 19}, {"item": "Clerical, Secretarial & Steno", "count": 18}, {"item": "Street Transit", "count": 17}, {"item": "Professional Engineering", "count": 16}, {"item": "Legal & Court", "count": 15}, {"item": "Human Services", "count": 14}, {"item": "Sub-Professional Engineering", "count": 13}, {"item": "Med Therapy & Auxiliary", "count": 12}, {"item": "Payroll, Billing & Accounting", "count": 11}, {"item": "Public Service Aide", "count": 10}, {"item": "Nursing", "count": 9}, {"item": "Journeyman Trade", "count": 8}, {"item": "Library", "count": 7}, {"item": "Police Services", "count": 6}, {"item": "Agriculture & Horticulture", "count": 5}, {"item": "Housekeeping & Laundry", "count": 4}, {"item": "Recreation", "count": 3}, {"item": "SF Superior Court", "count": 2}, {"item": "Information Systems", "count": 1}], "smallest": "Administrative & Mgmt (Unrep)", "largest": "Y"}, "renderTypeName": "text", "dataTypeName": "text", "id": 160651280, "format": {"align": "left"}}, {"position": 11, "fieldName": "job_code", "width": 100, "tableColumnId": 22179700, "description": "Jobs are defined by the Human Resources classification unit. Examples include gardeners, police officers, and accountants.", "name": "Job Code", "cachedContents": {"non_null": 213202, "null": 0, "top": [{"item": "9163", "count": 20}, {"item": "P103", "count": 19}, {"item": "2320", "count": 18}, {"item": "Q004", "count": 17}, {"item": "9910", "count": 16}, {"item": "2708", "count": 15}, {"item": "2736", "count": 14}, {"item": "8304", "count": 13}, {"item": "9916", "count": 12}, {"item": "Q002", "count": 11}, {"item": "3279", "count": 10}, {"item": "5207", "count": 9}, {"item": "1426", "count": 8}, {"item": "1241", "count": 7}, {"item": "3520", "count": 6}, {"item": "8158", "count": 5}, {"item": "2996", "count": 4}, {"item": "H050", "count": 3}, {"item": "0932", "count": 2}, {"item": "Q003", "count": 1}], "smallest": "0109", "largest": "Q082"}, "renderTypeName": "text", "dataTypeName": "text", "id": 169119925, "format": {"align": "left"}}, {"position": 12, "fieldName": "job", "width": 100, "tableColumnId": 21221540, "description": "Jobs are defined by the Human Resources classification unit. Examples include gardeners, police officers, and accountants.", "name": "Job", "cachedContents": {"non_null": 213202, "null": 0, "top": [{"item": "Transit Operator", "count": 20}, {"item": "Special Nurse", "count": 19}, {"item": "Registered Nurse", "count": 18}, {"item": "Police Officer 3", "count": 17}, {"item": "Public Service Trainee", "count": 16}, {"item": "Custodian", "count": 15}, {"item": "Porter", "count": 14}, {"item": "Deputy Sheriff", "count": 13}, {"item": "Public Svc Aide-Public Works", "count": 12}, {"item": "Police Officer", "count": 11}, {"item": "Recreation Leader", "count": 10}, {"item": "Assoc Engineer", "count": 9}, {"item": "Senior Clerk Typist", "count": 8}, {"item": "Personnel Analyst", "count": 7}, {"item": "Museum Preparator", "count": 6}, {"item": "Child Support Officer II", "count": 5}, {"item": "Rep, Human Rights Comm", "count": 4}, {"item": "Asst Chf Of Dept (Fire Dept)", "count": 3}, {"item": "Manager IV", "count": 2}, {"item": "Police Officer 2", "count": 1}], "smallest": "Accountant I", "largest": "Youth Comm Advisor"}, "renderTypeName": "text", "dataTypeName": "text", "id": 160651281, "format": {"align": "left"}}, {"position": 13, "fieldName": "employee_identifier", "width": 100, "tableColumnId": 22179932, "description": "Each distinct number in the \u201cEmployee Identifier\u201d column represents one employee. These identifying numbers are not meaningful but rather are randomly assigned for the purpose of building this dataset. The column does not appear on the Employee Compensation report hosted on openbook.sfgov.org, but that report does show one row for each employee. Employee ID has been included here to allow users to reconstruct the original report. Note that each employee\u2019s identifier will change each time this dataset is updated, so comparisons by employee across multiple versions of the dataset are not possible.", "name": "Employee Identifier", "cachedContents": {"non_null": 213202, "null": 0, "top": [{"item": "1371", "count": 20}, {"item": "27911", "count": 19}], "smallest": "1", "largest": "9999"}, "renderTypeName": "text", "dataTypeName": "text", "id": 169121953, "format": {"align": "left"}}, {"position": 14, "fieldName": "salaries", "width": 100, "tableColumnId": 22224560, "description": "Normal salaries paid to permanent or temporary City employees. ", "name": "Salaries", "cachedContents": {"average": "63818.58813744712", "largest": "533985.94", "sum": "13606250628.08", "non_null": 213202, "null": 0, "top": [{"item": "21993.22", "count": 20}, {"item": "91141.48", "count": 19}], "smallest": "-68771.78"}, "renderTypeName": "number", "dataTypeName": "number", "id": 169595500, "format": {"align": "right", "precisionStyle": "standard", "noCommas": "false"}}, {"position": 15, "fieldName": "overtime", "width": 100, "tableColumnId": 22224561, "description": "Amounts paid to City employees working in excess of 40 hours per week. ", "name": "Overtime", "cachedContents": {"average": "4510.403115402295", "largest": "227313.62", "sum": "961626965.01", "non_null": 213202, "null": 0, "top": [{"item": "0", "count": 20}, {"item": "4106.16", "count": 19}, {"item": "23344.55", "count": 18}, {"item": "25580.38", "count": 17}, {"item": "3199.65", "count": 16}, {"item": "20162.9", "count": 15}, {"item": "191.1", "count": 14}, {"item": "3577.29", "count": 13}, {"item": "17879.63", "count": 12}, {"item": "7792.13", "count": 11}, {"item": "20583.4", "count": 10}, {"item": "9311.38", "count": 9}, {"item": "345", "count": 8}, {"item": "684.7", "count": 7}, {"item": "1816.62", "count": 6}, {"item": "14227.1", "count": 5}, {"item": "5661.9", "count": 4}, {"item": "25.09", "count": 3}, {"item": "8126.04", "count": 2}, {"item": "949.4", "count": 1}], "smallest": "-12308.66"}, "renderTypeName": "number", "dataTypeName": "number", "id": 169595501, "format": {"align": "right", "precisionStyle": "standard", "noCommas": "false"}}, {"position": 16, "fieldName": "other_salaries", "width": 100, "tableColumnId": 22224562, "description": "Various irregular payments made to City employees including premium pay, incentive pay, or other one-time payments. ", "name": "Other Salaries", "cachedContents": {"average": "3744.676396469076", "largest": "336726.34", "sum": "798372497.08", "non_null": 213202, "null": 0, "top": [{"item": "0", "count": 20}, {"item": "1115.59", "count": 19}, {"item": "250", "count": 18}, {"item": "78.35", "count": 17}, {"item": "763.94", "count": 16}, {"item": "6563.8", "count": 15}, {"item": "35216.67", "count": 14}, {"item": "25257.27", "count": 13}, {"item": "302.77", "count": 12}, {"item": "686.2", "count": 11}, {"item": "2733.79", "count": 10}, {"item": "624", "count": 9}, {"item": "203", "count": 8}, {"item": "492", "count": 7}, {"item": "69146", "count": 6}, {"item": "626.4", "count": 5}, {"item": "14904.98", "count": 4}, {"item": "10091.19", "count": 3}, {"item": "260.79", "count": 2}, {"item": "5831.09", "count": 1}], "smallest": "-19131.1"}, "renderTypeName": "number", "dataTypeName": "number", "id": 169595502, "format": {"align": "right", "precisionStyle": "standard", "noCommas": "false"}}, {"position": 17, "fieldName": "total_salary", "width": 100, "tableColumnId": 22224708, "description": "The sum of all salaries paid to City employees.", "name": "Total Salary", "cachedContents": {"average": "72073.66764931849", "largest": "533985.94", "sum": "15366250090.17", "non_null": 213202, "null": 0, "top": [{"item": "22763.89", "count": 20}, {"item": "103066.22", "count": 19}], "smallest": "-68771.78"}, "renderTypeName": "number", "dataTypeName": "number", "id": 169596457, "format": {"align": "right", "precisionStyle": "standard", "noCommas": "false"}}, {"position": 18, "fieldName": "retirement", "width": 105, "tableColumnId": 22224671, "description": "City contributions to employee retirement plans. ", "name": "Retirement", "cachedContents": {"average": "12623.46819678052", "largest": "101306.01", "sum": "2691348666.49", "non_null": 213202, "null": 0, "top": [{"item": "0", "count": 20}, {"item": "18999.58", "count": 19}, {"item": "22172.83", "count": 18}, {"item": "4107.3", "count": 17}, {"item": "20681.37", "count": 16}], "smallest": "-28723.19"}, "renderTypeName": "number", "dataTypeName": "number", "id": 169596317, "format": {"align": "right", "precisionStyle": "standard", "noCommas": "false"}}, {"position": 19, "fieldName": "health_dental", "width": 100, "tableColumnId": 22224680, "description": "City-paid premiums to health and dental insurance plans covering City employees. To protect confidentiality as legally required, pro-rated citywide averages are presented in lieu of employee-specific health and dental benefits. ", "name": "Health/Dental", "cachedContents": {"average": "9054.335274340766", "largest": "22270.12", "sum": "1930402389.16", "non_null": 213202, "null": 0, "top": [{"item": "12828.16", "count": 20}, {"item": "0", "count": 19}, {"item": "13175.97", "count": 18}, {"item": "12501.45", "count": 17}, {"item": "13765.55", "count": 16}, {"item": "12516.72", "count": 15}, {"item": "12501.46", "count": 14}, {"item": "592.07", "count": 13}, {"item": "4481.55", "count": 12}, {"item": "8788.98", "count": 11}, {"item": "9127.72", "count": 10}, {"item": "12588.66", "count": 9}, {"item": "1293.25", "count": 8}, {"item": "12468.77", "count": 7}, {"item": "12416.14", "count": 6}, {"item": "4835.23", "count": 5}, {"item": "12523.01", "count": 4}], "smallest": "-2946.53"}, "renderTypeName": "number", "dataTypeName": "number", "id": 169596326, "format": {"align": "right", "precisionStyle": "standard", "noCommas": "false"}}, {"position": 20, "fieldName": "other_benefits", "width": 100, "tableColumnId": 22224706, "description": "Mandatory benefits paid on behalf of employees, such as Social Security (FICA and Medicare) contributions, unemployment insurance premiums, and minor discretionary benefits not included in the above categories. ", "name": "Other Benefits", "cachedContents": {"average": "4721.222928584160", "largest": "36815.39", "sum": "1006574170.82", "non_null": 213202, "null": 0, "top": [{"item": "1848.17", "count": 20}, {"item": "8460.37", "count": 19}], "smallest": "-9857.74"}, "renderTypeName": "number", "dataTypeName": "number", "id": 169596455, "format": {"align": "right", "precisionStyle": "standard", "noCommas": "false"}}, {"position": 21, "fieldName": "total_benefits", "width": 100, "tableColumnId": 22224903, "description": "The sum of all benefits paid to City employees.", "name": "Total Benefits", "cachedContents": {"average": "26399.02639970544", "largest": "138503.52", "sum": "5628325226.47", "non_null": 213202, "null": 0, "top": [{"item": "10790.7", "count": 20}, {"item": "41664.75", "count": 19}], "smallest": "-19814.44"}, "renderTypeName": "number", "dataTypeName": "number", "id": 169597748, "format": {"align": "right", "precisionStyle": "standard", "noCommas": "false"}}, {"position": 22, "fieldName": "total_compensation", "width": 100, "tableColumnId": 22224904, "description": "The sum of all salaries and benefits paid to City employees.", "name": "Total Compensation", "cachedContents": {"average": "98472.69404902393", "largest": "668412.41", "sum": "20994575316.64", "non_null": 213202, "null": 0, "top": [{"item": "33554.59", "count": 20}, {"item": "144730.97", "count": 19}], "smallest": "-74082.61"}, "renderTypeName": "number", "dataTypeName": "number", "id": 169597749, "format": {"align": "right", "precisionStyle": "standard", "noCommas": "false"}}], "tags": ["spending", "fte", "staffing", "sfopenbook", "open book", "openbook", "employee", "compensation", "salary", "salaries", "benefits"], "publicationStage": "published", "rowsUpdatedBy": "9ufn-6bwh", "displayType": "table", "attribution": "SF Controller's Office", "totalTimesRated": 0, "provenance": "official", "hideFromDataJson": false, "viewLastModified": 1543517255, "id": "88g8-5mnd", "owner": {"displayName": "OpenData", "type": "interactive", "screenName": "OpenData", "id": "dbag-6qd9"}, "publicationGroup": 1673400, "averageRating": 0, "licenseId": "PDDL", "rowsUpdatedAt": 1508796670, "numberOfComments": 0, "grants": [{"inherited": false, "flags": ["public"], "type": "viewer"}], "publicationDate": 1412609529, "attributionLink": "http://openbook.sfgov.org", "hideFromCatalog": false, "description": "The San Francisco Controller's Office maintains a database of the salary and benefits paid to City employees since fiscal year 2013. This data is summarized and presented on the Employee Compensation report hosted at http://openbook.sfgov.org, and is also available in this dataset in CSV format. New data is added on a bi-annual basis when available for each fiscal and calendar year.", "downloadCount": 5338, "name": "Employee Compensation", "rowClass": "", "metadata": {"availableDisplayTypes": ["table", "fatrow", "page"], "rowIdentifier": "0", "attachments": [{"assetId": "OMBVvreoXRjXG6oP4Ts4497dNxt14XlBqB6uIL6cq-o", "blobId": "", "name": "CON_DataDictionary_Employee-Compensation.pdf", "filename": "N:\\EIS\\DataCoordination\\Metadata Spring Cleaning\\CON_DataDictionary_Employee-Compensation.pdf"}, {"assetId": "7d860a09-77be-4518-9fea-8a189cf12840", "blobId": "", "name": "CON_DataDictionary_Employee-Compensation.xlsx", "filename": "CON_DataDictionary_Employee-Compensation.xlsx"}], "rdfClass": "", "renderTypeConfig": {"visible": {"table": true}}, "rdfSubject": "0", "rowLabel": "Employee", "custom_fields": {"Detailed Descriptive": {"Geographic unit": "Not applicable"}, "Publishing Details": {"Publishing frequency": "Weekly", "Data change frequency": "Bi-annually"}, "Department Metrics": {"Publishing Department": "Controller"}}}, "oid": 8584483, "viewType": "tabular", "createdAt": 1407268244, "publicationAppendEnabled": false, "viewCount": 8640, "newBackend": false, "rights": ["read"], "category": "City Management and Ethics", "indexUpdatedAt": 1508796776, "tableId": 1673400}